{
  "raft_clean": {
    "all": {
      "pearson": 0.7120852820764525,
      "spearman": 0.6386320567173044,
      "n": 5000000
    },
    "matched": {
      "pearson": 0.6954495331741918,
      "spearman": 0.6318007924469119,
      "n": 5000000
    },
    "unmatched": {
      "pearson": 0.6521594730242174,
      "spearman": 0.6104206715854343,
      "n": 5000000
    },
    "s0_1": {
      "pearson": 0.3167144905695596,
      "spearman": 0.9678781629480566,
      "n": 5000000
    },
    "s0_10": {
      "pearson": 0.7529704093806694,
      "spearman": 0.6930618008426703,
      "n": 5000000
    },
    "s10_40": {
      "pearson": 0.7479674308041689,
      "spearman": 0.7717582353213693,
      "n": 5000000
    },
    "s40+": {
      "pearson": 0.9277378453823136,
      "spearman": 0.7192191525540063,
      "n": 5000000
    },
    "s60+": {
      "pearson": 0.8464844689874799,
      "spearman": 0.8403298729316632,
      "n": 5000000
    },
    "disc": {
      "pearson": 0.5636489828543265,
      "spearman": 0.5450301837609323,
      "n": 5000000
    },
    "untex": {
      "pearson": 0.5826935283509694,
      "spearman": 0.683744331848979,
      "n": 5000000
    },
    "blur": {
      "pearson": 0.8311036117083441,
      "spearman": 0.43875659160248304,
      "n": 5000000
    }
  },
  "raft_final": {
    "all": {
      "pearson": 0.7535223057805388,
      "spearman": 0.6292122642253283,
      "n": 5000000
    },
    "matched": {
      "pearson": 0.7233799697006463,
      "spearman": 0.6220117091962645,
      "n": 5000000
    },
    "unmatched": {
      "pearson": 0.503811799041249,
      "spearman": 0.6914499284736496,
      "n": 5000000
    },
    "s0_1": {
      "pearson": 0.7991365457751507,
      "spearman": 0.9736377970932067,
      "n": 5000000
    },
    "s0_10": {
      "pearson": 0.7908322423716344,
      "spearman": 0.6824124493210054,
      "n": 5000000
    },
    "s10_40": {
      "pearson": 0.7885760903459189,
      "spearman": 0.7885314856866973,
      "n": 5000000
    },
    "s40+": {
      "pearson": 0.6277757240927941,
      "spearman": 0.8334257368675534,
      "n": 5000000
    },
    "s60+": {
      "pearson": 0.6295327206793186,
      "spearman": 0.8705872372865909,
      "n": 5000000
    },
    "disc": {
      "pearson": 0.6609514031247488,
      "spearman": 0.559545521600304,
      "n": 5000000
    },
    "untex": {
      "pearson": 0.6373425333584883,
      "spearman": 0.6633029009281216,
      "n": 5000000
    },
    "blur": {
      "pearson": 0.6233392648112448,
      "spearman": 0.1953020076870144,
      "n": 5000000
    }
  },
  "gmflow_basic_clean": {
    "all": {
      "pearson": 0.5256177908365466,
      "spearman": 0.3717572846824578,
      "n": 5000000
    },
    "matched": {
      "pearson": 0.5147623849439418,
      "spearman": 0.37516191293249357,
      "n": 5000000
    },
    "unmatched": {
      "pearson": 0.500998072722552,
      "spearman": 0.41108723880954706,
      "n": 5000000
    },
    "s0_1": {
      "pearson": 0.5356387518006792,
      "spearman": 0.9026046198469623,
      "n": 5000000
    },
    "s0_10": {
      "pearson": 0.584761372630031,
      "spearman": 0.44981647779088324,
      "n": 5000000
    },
    "s10_40": {
      "pearson": 0.7245618176747985,
      "spearman": 0.7393227754915979,
      "n": 5000000
    },
    "s40+": {
      "pearson": 0.5487783150861082,
      "spearman": 0.6650713527922932,
      "n": 5000000
    },
    "s60+": {
      "pearson": 0.8588403183876697,
      "spearman": 0.799975692815553,
      "n": 5000000
    },
    "disc": {
      "pearson": 0.4934805422114622,
      "spearman": 0.4895009414015116,
      "n": 5000000
    },
    "untex": {
      "pearson": 0.38361341311929087,
      "spearman": 0.3399565775658606,
      "n": 5000000
    },
    "blur": {
      "pearson": 0.22377617608533254,
      "spearman": 0.34722411341669046,
      "n": 5000000
    }
  },
  "gmflow_basic_final": {
    "all": {
      "pearson": 0.6093240080920085,
      "spearman": 0.30153608407989196,
      "n": 5000000
    },
    "matched": {
      "pearson": 0.5466457224921464,
      "spearman": 0.30046774422314376,
      "n": 5000000
    },
    "unmatched": {
      "pearson": 0.5901246723617929,
      "spearman": 0.6507517110808447,
      "n": 5000000
    },
    "s0_1": {
      "pearson": 0.454213099362331,
      "spearman": 0.9115816109648044,
      "n": 5000000
    },
    "s0_10": {
      "pearson": 0.6671148996325212,
      "spearman": 0.37554251641962744,
      "n": 5000000
    },
    "s10_40": {
      "pearson": 0.7285464455086318,
      "spearman": 0.7472450874523153,
      "n": 5000000
    },
    "s40+": {
      "pearson": 0.6147807338342087,
      "spearman": 0.828605855432544,
      "n": 5000000
    },
    "s60+": {
      "pearson": 0.8237742903123431,
      "spearman": 0.8718323217222892,
      "n": 5000000
    },
    "disc": {
      "pearson": 0.5986185079907076,
      "spearman": 0.519743288972293,
      "n": 5000000
    },
    "untex": {
      "pearson": 0.4847081602271184,
      "spearman": 0.29776219838451884,
      "n": 5000000
    },
    "blur": {
      "pearson": 0.29778132141016783,
      "spearman": 0.0027581664781529793,
      "n": 5000000
    }
  },
  "gmflow_refine_clean": {
    "all": {
      "pearson": 0.5276973944805777,
      "spearman": 0.370317693845093,
      "n": 5000000
    },
    "matched": {
      "pearson": 0.4598203730470975,
      "spearman": 0.3710133345862707,
      "n": 5000000
    },
    "unmatched": {
      "pearson": 0.6337916555240904,
      "spearman": 0.45234293845481033,
      "n": 5000000
    },
    "s0_1": {
      "pearson": 0.4916567899054178,
      "spearman": 0.9651045035011567,
      "n": 5000000
    },
    "s0_10": {
      "pearson": 0.5861804019445734,
      "spearman": 0.4531679214438289,
      "n": 5000000
    },
    "s10_40": {
      "pearson": 0.7506003942626397,
      "spearman": 0.7621763202469789,
      "n": 5000000
    },
    "s40+": {
      "pearson": 0.663079691791167,
      "spearman": 0.6834360839569069,
      "n": 5000000
    },
    "s60+": {
      "pearson": 0.9198947003783514,
      "spearman": 0.8063815751070107,
      "n": 5000000
    },
    "disc": {
      "pearson": 0.5414700241679761,
      "spearman": 0.44397714490806367,
      "n": 5000000
    },
    "untex": {
      "pearson": 0.3930970433193035,
      "spearman": 0.3491223052314674,
      "n": 5000000
    },
    "blur": {
      "pearson": 0.3924209236664541,
      "spearman": 0.3437507248782891,
      "n": 5000000
    }
  },
  "gmflow_refine_final": {
    "all": {
      "pearson": 0.6353951080323541,
      "spearman": 0.3716986988428079,
      "n": 5000000
    },
    "matched": {
      "pearson": 0.529328635833003,
      "spearman": 0.3699966674122092,
      "n": 5000000
    },
    "unmatched": {
      "pearson": 0.5708117988533906,
      "spearman": 0.6362599510678434,
      "n": 5000000
    },
    "s0_1": {
      "pearson": 0.4861681501223935,
      "spearman": 0.9674064513135291,
      "n": 5000000
    },
    "s0_10": {
      "pearson": 0.6928757172507244,
      "spearman": 0.4606966083190819,
      "n": 5000000
    },
    "s10_40": {
      "pearson": 0.7606719437633589,
      "spearman": 0.7715594823345767,
      "n": 5000000
    },
    "s40+": {
      "pearson": 0.6112924586431003,
      "spearman": 0.8457588229881725,
      "n": 5000000
    },
    "s60+": {
      "pearson": 0.6659893684900425,
      "spearman": 0.8805874841921775,
      "n": 5000000
    },
    "disc": {
      "pearson": 0.6418206133010993,
      "spearman": 0.4730629087664242,
      "n": 5000000
    },
    "untex": {
      "pearson": 0.4978585270532087,
      "spearman": 0.3539859042459645,
      "n": 5000000
    },
    "blur": {
      "pearson": 0.43491089561295126,
      "spearman": -0.025473514770269764,
      "n": 5000000
    }
  }
}